cluster	gene	avg_logFC	pct.1	pct.2	p_val	p_val_adj	description
18	LRRC75A	0.628089687184638	0.821	0.624	5.8334945491265e-89	1.37734639799426e-84	leucine rich repeat containing 75A [Source:HGNC Symbol;Acc:HGNC:32403]
18	MALAT1	0.519286346149829	1	1	1.72609761999069e-72	4.07548909056003e-68	metastasis associated lung adenocarcinoma transcript 1 [Source:HGNC Symbol;Acc:HGNC:29665]
18	NEAT1	0.463444189348722	1	0.999	1.36519577340627e-62	3.22336374058955e-58	nuclear paraspeckle assembly transcript 1 [Source:HGNC Symbol;Acc:HGNC:30815]
18	MT-ND6	0.51382922794522	0.932	0.822	1.447247996128e-46	3.41709724365783e-42	mitochondrially encoded NADH:ubiquinone oxidoreductase core subunit 6 [Source:HGNC Symbol;Acc:HGNC:7462]
18	MT2A	-0.718031005646049	0.936	0.949	1.14692574563242e-11	2.70800637801271e-07	metallothionein 2A [Source:HGNC Symbol;Acc:HGNC:7406]
18	GADD45B	-0.563168035572559	0.553	0.601	1.098358395959e-07	0.00259333400869879	growth arrest and DNA damage inducible beta [Source:HGNC Symbol;Acc:HGNC:4096]
