p_val	avg_logFC	pct.1	pct.2	p_val_adj	cluster	gene	avg_log2FC
5.8334945491265e-89	0.628089687184638	0.821	0.624	1.37734639799426e-84	cluster_18	LRRC75A	0.906141876934777
1.72609761999069e-72	0.519286346149829	1	1	4.07548909056003e-68	cluster_18	MALAT1	0.749171836391708
1.447247996128e-46	0.51382922794522	0.932	0.822	3.41709724365783e-42	cluster_18	MT-ND6	0.741298879020374
1.36519577340627e-62	0.463444189348722	1	0.999	3.22336374058955e-58	cluster_18	NEAT1	0.668608633702208
1.098358395959e-07	-0.563168035572559	0.553	0.601	0.00259333400869879	cluster_18	GADD45B	-0.81247973210771
1.14692574563242e-11	-0.718031005646049	0.936	0.949	2.70800637801271e-07	cluster_18	MT2A	-1.03589977105007
